,id,name,origin_country,movie_id
0,420.0,Marvel Studios,US,566525
1,7576.0,Eon Productions,GB,370172
2,21.0,Metro-Goldwyn-Mayer,US,370172
3,60.0,United Artists,US,370172
4,33.0,Universal Pictures,US,370172
5,7505.0,Marvel Entertainment,US,580489
6,84041.0,Pascal Pictures,US,580489
7,5.0,Columbia Pictures,US,580489
8,34.0,Sony Pictures,US,580489
9,81620.0,Tencent Pictures,CN,580489
10,56.0,Amblin Entertainment,US,522402
11,127302.0,Dutch Angle,BE,522402
12,11395.0,ImageMovers,US,522402
13,11581.0,Misher Films,US,522402
14,10221.0,Walden Media,US,522402
15,7294.0,Reliance Entertainment,IN,522402
16,68628.0,308 Enterprises,CA,763164
17,121204.0,BondIt Media Capital,US,763164
18,130900.0,Buffalo 8 Productions,US,763164
19,162630.0,Videosonic Studios Group Ltd,,885110
20,164531.0,BlackScreen Entertainment,,885110
21,34081.0,Flynn Picture Company,US,512195
22,73669.0,Seven Bucks Productions,US,512195
23,923.0,Legendary Pictures,US,512195
24,102182.0,"Bad Version, Inc.",,512195
25,420.0,Marvel Studios,US,524434
26,6626.0,Voltage Pictures,US,744275
27,107108.0,Wattpad,US,744275
28,88606.0,Vertical Entertainment,US,744275
29,158529.0,Ethea Entertainment,,744275
30,107107.0,CalMaple Films,US,744275
31,4.0,Paramount,US,585245
32,8147.0,Entertainment One,CA,585245
33,7311.0,Kerner Entertainment Company,,585245
34,30246.0,Scholastic Entertainment,US,585245
35,114732.0,New Republic Pictures,US,585245
36,10221.0,Walden Media,US,585245
37,78486.0,Pantaleon Films,DE,796499
38,114152.0,The Stone Quarry,US,796499
39,91030.0,Film United,,796499
40,923.0,Legendary Pictures,US,438631
41,907.0,Overbrook Entertainment,US,618162
42,27711.0,Berlanti Productions,US,550988
43,2575.0,21 Laps Entertainment,US,550988
44,104228.0,Maximum Effort,US,550988
45,125000.0,Lit Entertainment Group,US,550988
46,420.0,Marvel Studios,US,634649
47,84041.0,Pascal Pictures,US,634649
48,5.0,Columbia Pictures,US,634649
49,6075.0,Studio Deen,JP,843241
50,31828.0,Avi Arad Productions,US,335983
51,53462.0,Matt Tolmach Productions,US,335983
52,84041.0,Pascal Pictures,US,335983
53,7505.0,Marvel Entertainment,US,335983
54,81620.0,Tencent Pictures,CN,335983
55,34589.0,Getaway Pictures,,714968
56,107513.0,Phiphen Pictures,US,714968
57,142922.0,SE Film Production,UA,714968
58,4.0,Paramount,US,568620
59,21.0,Metro-Goldwyn-Mayer,US,568620
60,435.0,Di Bonaventura Pictures,US,568620
61,8147.0,Entertainment One,CA,568620
62,82819.0,Skydance Media,US,568620
63,2598.0,Hasbro,,568620
64,694.0,StudioCanal,FR,574060
65,131523.0,STX Films,US,574060
66,264.0,Studio Babelsberg,DE,574060
67,104.0,Canal+,FR,574060
68,10611.0,Ciné+,FR,574060
69,99132.0,The Picture Company,US,574060
70,12689.0,Radar Films,FR,672582
71,92840.0,Logical Pictures,FR,672582
72,49755.0,Apollo Films,FR,672582
73,19037.0,uMedia,BE,672582
74,12686.0,Forecast Pictures,,672582
75,78299.0,Screen Flanders,BE,672582
76,11620.0,OCS,FR,672582
77,12352.0,Wallimage,BE,672582
78,114955.0,Tax Shelter du Gouvernement Fédéral Belge,BE,672582
79,102877.0,Investisseurs Tax Shelter,BE,672582
80,310.0,CNC,FR,672582
81,122844.0,Ciudadano Ciskul,,630004
82,122845.0,El Tesoro de Drake AIE,,630004
83,1182.0,Telecinco Cinema,ES,630004
84,10128.0,Think Studio,ES,630004
85,76992.0,Saban Films,US,630004
86,11240.0,PISF,PL,871964
87,10826.0,Akson Studio,PL,871964
88,5887.0,ufotable,JP,635302
89,2883.0,Aniplex,JP,635302
90,2918.0,Shueisha,JP,635302
91,91520.0,STUDIO MAUSU,JP,635302
92,21.0,Metro-Goldwyn-Mayer,US,639721
93,13240.0,Bron Studios,CA,639721
94,16494.0,BermanBraun,US,639721
95,75234.0,Cinesite Animation,CA,639721
96,46875.0,Nitrogen Studios Canada,CA,639721
97,1933.0,Real Fiction,,768449
98,3431.0,Lifetime,US,849938
99,3.0,Pixar,US,508943
100,2.0,Walt Disney Pictures,US,508943
101,7505.0,Marvel Entertainment,US,1930
102,326.0,Laura Ziskin Productions,,1930
103,34.0,Sony Pictures,US,1930
104,5.0,Columbia Pictures,US,1930
105,33.0,Universal Pictures,US,610253
106,3172.0,Blumhouse Productions,US,610253
107,145708.0,Home Again Productions,,610253
108,14.0,Miramax,US,610253
109,20848.0,Rough House Pictures,US,610253
110,15822.0,Trancas International Films,US,610253
111,2785.0,Warner Bros. Animation,US,703771
112,429.0,DC Comics,US,703771
113,72489.0,Blue Ribbon Content,US,703771
114,27711.0,Berlanti Productions,US,703771
115,9993.0,DC Entertainment,US,703771
116,42877.0,"Yellow, Black & White",RU,589754
117,101999.0,The Walt Disney Company CIS,RU,589754
118,76049.0,Cinema Fund,RU,589754
119,69587.0,Russia-1,RU,589754
120,521.0,DreamWorks Animation,US,459151
121,33.0,Universal Pictures,US,459151
122,2.0,Walt Disney Pictures,US,451048
123,73669.0,Seven Bucks Productions,US,451048
124,1302.0,Davis Entertainment,US,451048
125,34081.0,Flynn Picture Company,US,451048
126,22213.0,TSG Entertainment,US,451048
127,47586.0,Zaftig Films,US,451048
128,141919.0,MSR Media,,762469
129,9993.0,DC Entertainment,US,436969
130,128064.0,DC Films,US,436969
131,507.0,Atlas Entertainment,US,436969
132,429.0,DC Comics,US,436969
133,11565.0,The Safran Company,US,436969
134,333.0,Original Film,US,385128
135,1225.0,One Race,US,385128
136,34530.0,Perfect Storm Entertainment,US,385128
137,154215.0,ZXY MOVIES,,385128
138,76991.0,Highland Film Group,US,675319
139,76992.0,Saban Films,US,675319
140,420.0,Marvel Studios,US,429617
141,5.0,Columbia Pictures,US,429617
142,84041.0,Pascal Pictures,US,429617
143,420.0,Marvel Studios,US,497698
144,63445.0,Yeti Films,PL,846167
145,71738.0,Spin Master,CA,675445
146,2348.0,Nickelodeon Movies,US,675445
147,4.0,Paramount,US,675445
148,8649.0,Mikros Image,FR,675445
149,420.0,Marvel Studios,US,315635
150,5.0,Columbia Pictures,US,315635
151,84041.0,Pascal Pictures,US,315635
152,34034.0,LStar Capital,US,315635
153,34.0,Sony Pictures,US,315635
154,1020.0,Millennium Films,US,645788
155,139921.0,Arthur Sarkissian Productions,US,645788
156,48738.0,Campbell Grobman Films,US,645788
157,1632.0,Lionsgate,US,645788
158,127928.0,20th Century Studios,US,654974
159,91797.0,Hutch Parker Entertainment,US,654974
160,98438.0,74 Entertainment,,760747
161,81562.0,Creativ Studios,,820511
162,112580.0,High Fliers Films,,820511
163,6125.0,Walt Disney Animation Studios,US,568124
164,2.0,Walt Disney Pictures,US,568124
165,155744.0,Jagged Edge Productions,,839436
166,75997.0,Porta dos Fundos,BR,879163
167,3696.0,Lemon Films,MX,772436
168,7570.0,Videocine,,772436
169,19551.0,Marvel Enterprises,US,557
170,5.0,Columbia Pictures,US,557
171,34.0,Sony Pictures,US,557
172,326.0,Laura Ziskin Productions,,557
173,7505.0,Marvel Entertainment,US,557
174,25120.0,Warner Animation Group,US,379686
175,81170.0,SpringHill Entertainment,US,379686
176,148495.0,Proximity Media,US,379686
177,76907.0,Atomic Monster,US,460465
178,8000.0,Broken Road Productions,US,460465
179,12.0,New Line Cinema,US,460465
180,2.0,Walt Disney Pictures,US,337404
181,5.0,Columbia Pictures,US,559
182,326.0,Laura Ziskin Productions,,559
183,420.0,Marvel Studios,US,559
184,106786.0,RainMaker Films,US,760195
185,75355.0,Yale Productions,US,760195
186,150178.0,The Machine Room,,760195
187,150179.0,Post Film,,760195
188,10427.0,Open Road Films,US,760195
189,137972.0,Briarcliff Entertainment,US,760195
190,160885.0,北京宝庆影业传媒有限公司,,859041
191,7505.0,Marvel Entertainment,US,102382
192,5.0,Columbia Pictures,US,102382
193,31828.0,Avi Arad Productions,US,102382
194,53462.0,Matt Tolmach Productions,US,102382
195,34.0,Sony Pictures,US,102382
196,2785.0,Warner Bros. Animation,US,831405
197,9993.0,DC Entertainment,US,831405
198,174.0,Warner Bros. Pictures,US,791373
199,114152.0,The Stone Quarry,US,791373
200,507.0,Atlas Entertainment,US,791373
201,9993.0,DC Entertainment,US,791373
202,103376.0,Access Entertainment,US,791373
203,444.0,Dune Entertainment,US,791373
204,128064.0,DC Films,US,791373
205,429.0,DC Comics,US,791373
206,79650.0,Zagtoon,,726684
207,35136.0,Method Animation,,726684
208,79175.0,SAMG Animation,KR,726684
209,109744.0,Norman Studio Works,,726684
210,135745.0,The Walt Disney Company France,FR,726684
211,22123.0,TF1,FR,726684
212,118295.0,Gloob,BR,726684
213,20498.0,Télé-Québec,CA,726684
214,53422.0,Fantawild Animation,CN,726684
215,138896.0,Mediawan,,726684
216,82819.0,Skydance Media,US,588228
217,423.0,Phantom Four,US,588228
218,125000.0,Lit Entertainment Group,US,588228
219,435.0,Di Bonaventura Pictures,US,581726
220,8537.0,Closest to the Hole Productions,US,581726
221,119509.0,Leverage Entertainment,US,581726
222,14.0,Miramax,US,637649
223,21.0,Metro-Goldwyn-Mayer,US,637649
224,2900.0,Toff Guy Films,GB,637649
225,1632.0,Lionsgate,US,637649
226,141391.0,CAA Media Finance,US,637649
227,136343.0,Shifty Eye Productions,,777620
228,145848.0,Panic House Films,,777620
229,15268.0,BKM Film,TR,874948
230,68628.0,308 Enterprises,CA,681887
231,121204.0,BondIt Media Capital,US,681887
232,41735.0,Buffalo 8,US,681887
233,25140.0,The Exchange,US,681887
234,174.0,Warner Bros. Pictures,US,524369
235,7429.0,HBO Films,US,524369
236,12.0,New Line Cinema,US,524369
237,129036.0,Chase Films,US,524369
238,694.0,StudioCanal,FR,637534
239,83.0,France 2 Cinéma,FR,637534
240,34780.0,Chi-Fou-Mi Productions,FR,637534
241,3475.0,Disney Television Animation,US,864388
242,110799.0,AGC Studios,US,774021
243,95724.0,Oats Studios,CA,774021
244,158181.0,Stabiliti Studios,,774021
245,70784.0,IFC Midnight,US,774021
246,163344.0,The Long Game,,864873
247,3153.0,SUNRISE,JP,685274
248,192.0,Shochiku,JP,685274
249,156668.0,HMV Digital China Group Limited,,525660
250,156669.0,Tecmo,,525660
251,20542.0,Sun Entertainment Culture,,525660
252,55902.0,Sun Entertainment Culture,,525660
253,164625.0,Guangdong Sublime Media,,525660
254,164626.0,Beijing Lajin Film,,525660
255,164627.0,Khorgas New Splendid Entertainment,,525660
256,164628.0,Er Dong Pictures (Beijing) Company,,525660
257,164629.0,Beijing New Splendid Entertainment,,525660
258,164630.0,China Star Movie Limited,,525660
259,164631.0,Deshe Film,,525660
260,164632.0,Film Entertainment Power,,525660
261,174.0,Warner Bros. Pictures,US,399566
262,923.0,Legendary Pictures,US,399566
263,22997.0,Légende Films,FR,809065
264,4081.0,LEGO,DK,852663
265,20187.0,Flying Bark Productions,AU,852663
266,2.0,Walt Disney Pictures,US,876716
267,3.0,Pixar,US,876716
268,420.0,Marvel Studios,US,299536
269,67327.0,Splash Entertainment,US,812204
270,3393.0,Huayi Brothers Pictures,CN,812204
271,127847.0,HB Wink Animation,,812204
272,34.0,Sony Pictures,US,324857
273,5.0,Columbia Pictures,US,324857
274,7505.0,Marvel Entertainment,US,324857
275,31828.0,Avi Arad Productions,US,324857
276,77973.0,Lord Miller Productions,US,324857
277,84041.0,Pascal Pictures,US,324857
278,2251.0,Sony Pictures Animation,US,324857
279,6626.0,Voltage Pictures,US,613504
280,2378.0,Offspring Entertainment,US,613504
281,140519.0,Frayed Pages Entertainment,,613504
282,107108.0,Wattpad,US,613504
283,10427.0,Open Road Films,US,613504
284,116034.0,Tunche Films,PE,588921
285,444.0,Dune Entertainment,US,19995
286,574.0,Lightstorm Entertainment,US,19995
287,25.0,20th Century Fox,US,19995
288,290.0,Ingenious Media,GB,19995
289,33.0,Universal Pictures,US,631843
290,12236.0,Blinding Edge Pictures,US,631843
291,10338.0,Perfect World Pictures,CN,631843
292,79650.0,Zagtoon,,755812
293,35136.0,Method Animation,,755812
294,5542.0,Toei Animation,JP,755812
295,79175.0,SAMG Animation,KR,755812
296,109744.0,Norman Studio Works,,755812
297,135745.0,The Walt Disney Company France,FR,755812
298,22123.0,TF1,FR,755812
299,138896.0,Mediawan,,755812
300,20498.0,Télé-Québec,CA,755812
301,53422.0,Fantawild Animation,CN,755812
302,118295.0,Gloob,BR,755812
303,174.0,Warner Bros. Pictures,US,671
304,437.0,Heyday Films,GB,671
305,436.0,1492 Pictures,US,671
306,882.0,Toho Co.,JP,662708
307,71963.0,TOHO Animation,JP,662708
308,12653.0,Pikachu Project,JP,662708
309,5372.0,OLM,JP,662708
310,31058.0,Wit Studio,JP,662708
311,768.0,Ghost House Pictures,US,482373
312,11341.0,Stage 6 Films,US,482373
313,17393.0,Good Universe,US,482373
314,34.0,Sony Pictures,US,482373
315,125512.0,Bad Hombre Films,US,482373
316,3287.0,Screen Gems,US,482373
317,2849.0,BONES,JP,592350
318,1778.0,DENTSU,JP,592350
319,3466.0,Movic,JP,592350
320,6755.0,Nippon Television Network Corporation,JP,592350
321,2918.0,Shueisha,JP,592350
322,648.0,Sony Music Entertainment (Japan),JP,592350
323,882.0,Toho Co.,JP,592350
324,138773.0,Yomiuri-TV Enterprise,JP,592350
325,71963.0,TOHO Animation,JP,592350
326,33.0,Universal Pictures,US,529203
327,521.0,DreamWorks Animation,US,529203
328,89695.0,Trois Brigands Productions,,453354
329,11778.0,F Comme Film,FR,453354
330,2564.0,Ciné@,FR,453354
331,94.0,ARTE France Cinéma,FR,453354
332,104.0,Canal+,FR,453354
333,201.0,ARTE,FR,453354
334,81852.0,Cinémage 11,FR,453354
335,114198.0,Cofinova 13,,453354
336,1632.0,Lionsgate,US,859860
337,3604.0,Grindstone Entertainment Group,US,859860
338,10377.0,Feifer Worldwide,US,859860
339,12.0,New Line Cinema,US,423108
340,11565.0,The Safran Company,US,423108
341,76907.0,Atomic Monster,US,423108
342,174.0,Warner Bros. Pictures,US,423108
343,75355.0,Yale Productions,US,825997
344,121204.0,BondIt Media Capital,US,825997
345,130900.0,Buffalo 8 Productions,US,825997
346,65649.0,SSS Entertainment,US,825997
347,153774.0,Voltron Filmz,,825997
348,121063.0,Red Sea Media,,825997
349,153775.0,Red Wire Pictures,,825997
350,2762.0,Highland Myst Entertainment,,825997
351,88606.0,Vertical Entertainment,US,825997
352,2.0,Walt Disney Pictures,US,527774
353,6125.0,Walt Disney Animation Studios,US,527774
354,27049.0,Pride of Gypsies,,619297
355,105751.0,ASAP Entertainment,,619297
356,159602.0,On The Roam,,619297
357,104640.0,Lazona Films,,613098
358,85588.0,Quexito Films,ES,613098
359,21632.0,Mediaset España,ES,613098
360,67412.0,Movistar+,ES,613098
361,1182.0,Telecinco Cinema,ES,613098
362,174.0,Warner Bros. Pictures,US,672
363,437.0,Heyday Films,GB,672
364,436.0,1492 Pictures,US,672
365,139830.0,H Films,,767304
366,130900.0,Buffalo 8 Productions,US,767304
367,78805.0,Redemption Films,,767304
368,162367.0,Pixel Zoo,,882206
369,2785.0,Warner Bros. Animation,US,843906
370,7899.0,Cartoon Network Studios,US,843906
371,3.0,Pixar,US,354912
372,2.0,Walt Disney Pictures,US,354912
373,290.0,Ingenious Media,GB,595743
374,17685.0,Sky Movies,GB,595743
375,120199.0,Silver Reel Pictures,,595743
376,31787.0,Creativity Capital,,595743
377,1012.0,Parabolic Pictures,US,595743
378,19638.0,Altitude Film Entertainment,GB,595743
379,67260.0,The Electric Shadow Company,GB,595743
380,9987.0,Lipsync Productions,GB,595743
381,88606.0,Vertical Entertainment,US,595743
382,147587.0,Redbox Entertainment,,595743
383,157183.0,J3 Film Finance,,595743
384,157184.0,Periwinkle Pictures,,595743
385,5.0,Columbia Pictures,US,813258
386,2251.0,Sony Pictures Animation,US,813258
387,114152.0,The Stone Quarry,US,503736
388,84988.0,42,GB,669671
389,60746.0,Unique Features,US,669671
390,1632.0,Lionsgate,US,848278
391,3604.0,Grindstone Entertainment Group,US,848278
392,3234.0,Pierrot,JP,20982
393,3172.0,Blumhouse Productions,US,602223
394,2481.0,Platinum Dunes,US,602223
395,33.0,Universal Pictures,US,602223
396,10338.0,Perfect World Pictures,CN,602223
397,138783.0,Man in A Tree,US,602223
398,491.0,Summit Entertainment,US,13811
399,1423.0,Escape Artists,US,13811
400,908.0,Mystery Clock Cinema,AU,13811
401,11844.0,Kaplan/Perrone Entertainment,,13811
402,11845.0,Wintergreen Productions,,13811
403,500.0,Goldcrest,GB,13811
404,174.0,Warner Bros. Pictures,US,674
405,437.0,Heyday Films,GB,674
406,462.0,Patalex IV Productions Limited,,674
407,120768.0,Trésor Films,FR,641501
408,11773.0,Artémis Productions,BE,641501
409,95061.0,Shelter Prod,BE,641501
410,12001.0,Warner Bros. Entertainment France,FR,641501
411,85170.0,Altitude Film Sales,GB,522444
412,46813.0,Cornerstone Pictures,,522444
413,22897.0,ProdigyMovies,,522444
414,159674.0,Filmology Finance,,522444
415,139417.0,Inspired Pictures,,725273
416,107107.0,CalMaple Films,US,537915
417,107108.0,Wattpad,US,537915
418,2378.0,Offspring Entertainment,US,537915
419,103330.0,Diamond Film Productions,US,537915
420,6626.0,Voltage Pictures,US,537915
421,140519.0,Frayed Pages Entertainment,,537915
422,83210.0,Freckle Films,US,539885
423,6626.0,Voltage Pictures,US,539885
424,88606.0,Vertical Entertainment,US,539885
425,768.0,Ghost House Pictures,US,632357
426,3287.0,Screen Gems,US,632357
427,34.0,Sony Pictures,US,632357
428,6951.0,Chapman/Leonard Studio Equipment,,632357
429,7220.0,CAPCOM,JP,458576
430,47.0,Constantin Film,DE,458576
431,248.0,Impact Pictures,CA,458576
432,81620.0,Tencent Pictures,CN,458576
433,882.0,Toho Co.,JP,458576
434,3287.0,Screen Gems,US,458576
435,34.0,Sony Pictures,US,458576
436,9993.0,DC Entertainment,US,464052
437,174.0,Warner Bros. Pictures,US,464052
438,114152.0,The Stone Quarry,US,464052
439,128064.0,DC Films,US,464052
440,507.0,Atlas Entertainment,US,464052
441,429.0,DC Comics,US,464052
442,18.0,Gracie Films,US,846214
443,21659.0,20th Television,US,846214
444,80853.0,AKOM Production Company,,846214
445,45724.0,Taodue Film,IT,747688
446,345.0,O2 Filmes,BR,785538
447,10944.0,Noruz Films (I),US,785538
448,3234.0,Pierrot,JP,347201
449,104681.0,Studio Lagurus,JP,347201
450,2883.0,Aniplex,JP,347201
451,12502.0,Bandai Namco Entertainment,JP,347201
452,155586.0,Bandai,JP,347201
453,1778.0,DENTSU,JP,347201
454,2918.0,Shueisha,JP,347201
455,3034.0,TV Tokyo,JP,347201
456,882.0,Toho Co.,JP,347201
457,2883.0,Aniplex,JP,317442
458,80292.0,Sculptor Media,US,634528
459,5357.0,Zero Gravity Management,US,634528
460,94694.0,Cutting Edge Group,US,634528
461,145546.0,Raven Capital Management,US,634528
462,145547.0,Stonehouse Motion Pictures,US,634528
463,6626.0,Voltage Pictures,US,634528
464,10427.0,Open Road Films,US,634528
465,137972.0,Briarcliff Entertainment,US,634528
466,174.0,Warner Bros. Pictures,US,673
467,436.0,1492 Pictures,US,673
468,437.0,Heyday Films,GB,673
469,86050.0,Bubble Studios,RU,529106
470,57031.0,Allspark Pictures,US,597316
471,7225.0,DHX Media,CA,597316
472,65013.0,Boulder Media,,597316
473,3627.0,Warner Bros. Japan,JP,672322
474,420.0,Marvel Studios,US,299534
475,98429.0,775 Media Corp,CA,741636
476,2988.0,Voice Pictures,,741636
477,25120.0,Warner Animation Group,US,587807
478,8922.0,Turner Entertainment,US,587807
479,77061.0,The Story Company,,587807
480,174.0,Warner Bros. Pictures,US,12444
481,437.0,Heyday Films,GB,12444
482,18.0,Gracie Films,US,877183
483,21659.0,20th Television,US,877183
484,174.0,Warner Bros. Pictures,US,767
485,437.0,Heyday Films,GB,767
486,12686.0,Forecast Pictures,,729720
487,120375.0,Other Angle Pictures,,729720
488,138095.0,Mony Films,,729720
489,138096.0,Apple Tree,,729720
490,101831.0,Clubhouse Pictures,US,597891
491,121470.0,87North Productions,US,597891
492,174.0,Warner Bros. Pictures,US,675
493,437.0,Heyday Films,GB,675
494,174.0,Warner Bros. Pictures,US,12445
495,437.0,Heyday Films,GB,12445
496,174.0,Warner Bros. Pictures,US,475557
497,83036.0,Joint Effort,US,475557
498,79.0,Village Roadshow Pictures,US,475557
499,13240.0,Bron Studios,CA,475557
500,53152.0,Creative Wealth Media Finance,CA,475557
501,9993.0,DC Entertainment,US,475557
502,128064.0,DC Films,US,475557
503,429.0,DC Comics,US,475557
504,420.0,Marvel Studios,US,24428
505,34.0,Sony Pictures,US,425909
506,5.0,Columbia Pictures,US,425909
507,13240.0,Bron Studios,CA,425909
508,2364.0,The Montecito Picture Company,US,425909
509,84042.0,Ghost Corps,US,425909
510,2849.0,BONES,JP,505262
511,71963.0,TOHO Animation,JP,505262
512,882.0,Toho Co.,JP,505262
513,4.0,Paramount,US,520763
514,2481.0,Platinum Dunes,US,520763
515,29312.0,Sunday Night,US,520763
516,160175.0,Buffalo FilmWorks,,520763
517,149326.0,Greenwich Entertainment,US,653740
518,90561.0,Tripod Media,US,653740
519,113161.0,Lesprit Inc.,JP,719088
520,11106.0,Marvel Knights,US,375211
521,2.0,Walt Disney Pictures,US,508442
522,3.0,Pixar,US,508442
523,2251.0,Sony Pictures Animation,US,550205
524,81620.0,Tencent Pictures,CN,550205
525,121604.0,Base FX,CN,550205
526,109148.0,Beijing Sparkle Roll Media Corporation,CN,550205
527,107790.0,Flagship Entertainment Group,CN,550205
528,5.0,Columbia Pictures,US,550205
529,33.0,Universal Pictures,US,385687
530,333.0,Original Film,US,385687
531,1225.0,One Race,US,385687
532,34530.0,Perfect Storm Entertainment,US,385687
533,7981.0,Pathé,FR,9769
534,21143.0,Lolita Productions,,9769
535,7485.0,Fox International Productions,US,303857
536,5542.0,Toei Animation,JP,303857
537,104652.0,Fizz Sound Creation,JP,303857
538,34.0,Sony Pictures,US,585083
539,5.0,Columbia Pictures,US,585083
540,2251.0,Sony Pictures Animation,US,585083
541,9993.0,DC Entertainment,US,834404
542,2785.0,Warner Bros. Animation,US,834404
543,17888.0,Kjam Media,US,581644
544,41756.0,GH Three,US,8960
545,5.0,Columbia Pictures,US,8960
546,7295.0,Relativity Media,US,8960
547,28064.0,Blue Light,US,8960
548,433.0,Weed Road Pictures,US,8960
549,675.0,Forward Pass,US,8960
550,907.0,Overbrook Entertainment,US,8960
551,34.0,Sony Pictures,US,8960
552,83857.0,Ubisoft Film & Television,FR,800497
553,46453.0,Vanishing Angle,US,800497
554,307.0,IFC Films,US,800497
555,8921.0,United Plankton Pictures,US,400160
556,2348.0,Nickelodeon Movies,US,400160
557,24955.0,Paramount Animation,US,400160
558,4.0,Paramount,US,400160
559,2531.0,MRC,US,400160
560,8649.0,Mikros Image,FR,400160
561,33.0,Universal Pictures,US,637693
562,521.0,DreamWorks Animation,US,637693
563,121605.0,Locksmith Animation,GB,482321
564,127928.0,20th Century Studios,US,482321
565,141821.0,20th Century Animation,US,482321
566,22213.0,TSG Entertainment,US,482321
567,491.0,Summit Entertainment,US,24021
568,12292.0,Temple Hill Entertainment,US,24021
569,5218.0,Imprint Entertainment,US,24021
570,4000.0,Maverick Films,US,24021
571,5219.0,Sunswept Entertainment,,24021
572,174.0,Warner Bros. Pictures,US,619778
573,12.0,New Line Cinema,US,619778
574,5233.0,Starlight International Media,,619778
575,121439.0,Midas Innovation,,619778
576,76907.0,Atomic Monster,US,619778
577,122178.0,BOOM! Studios,US,619778
578,2251.0,Sony Pictures Animation,US,449406
579,5.0,Columbia Pictures,US,449406
580,415.0,Laurence Mark Productions,US,449406
581,50457.0,Undisputed 3 Productions,,38234
582,925.0,Nu Image,US,38234
583,2849.0,BONES,JP,768744
584,71963.0,TOHO Animation,JP,768744
585,1632.0,Lionsgate,US,15092
586,126.0,Lakeshore Entertainment,US,15092
587,89394.0,RadicalMedia,US,15092
588,1020.0,Millennium Films,US,617502
589,20580.0,Amazon Studios,US,617502
590,48738.0,Campbell Grobman Films,US,617502
591,60621.0,Busted Shark Productions,US,617502
592,140229.0,Electric Films,,617502
593,74795.0,Nu Boyana Film Studios,,617502
594,7036.0,CJ Entertainment,KR,586047
595,70681.0,TPS Company,KR,586047
596,142591.0,STUDIO101,KR,586047
597,128404.0,CJ ENM,KR,586047
598,5.0,Columbia Pictures,US,522478
599,7291.0,Olive Bridge Entertainment,US,522478
600,34.0,Sony Pictures,US,522478
601,2785.0,Warner Bros. Animation,US,841755
602,90980.0,China Film (Shanghai) International Media Co.,CN,604822
603,14714.0,China Film Group Corporation,CN,604822
604,110797.0,Epitome Capital,CN,604822
605,140473.0,Shanghai Lix Entertainment,CN,604822
606,140474.0,Shanghai Tencent Pictures Culture Media,CN,604822
607,140475.0,Shenzhen Media Film & Television,CN,604822
608,81620.0,Tencent Pictures,CN,604822
609,33.0,Universal Pictures,US,615457
610,121470.0,87North Productions,US,615457
611,86647.0,Odenkirk Provissiero Entertainment,US,615457
612,123230.0,Eighty Two Films,US,615457
613,154091.0,Perfect World Pictures,,615457
614,92346.0,SunnyMarch,GB,522241
615,84988.0,42,GB,522241
616,7493.0,FilmNation Entertainment,US,522241
617,1632.0,Lionsgate,US,522241
618,911.0,Roadside Attractions,US,522241
619,11884.0,J.C.Staff,JP,532067
620,11395.0,ImageMovers,US,531219
621,174.0,Warner Bros. Pictures,US,531219
622,101082.0,Double Dare You Productions,US,531219
623,141325.0,Esperanto Filmoj,MX,531219
624,11627.0,Necropia Entertainment,US,531219
625,137586.0,Mattel Television,US,850818
626,163566.0,Ster-Kinekor Pictures,ZA,892342
627,74770.0,Picture Films,,541524
628,6705.0,Film4 Productions,GB,541524
629,14638.0,Significant Productions,US,541524
630,100640.0,Endeavor Content,US,541524
631,125279.0,AUM Creative,,541524
632,125064.0,XRM Media,,541524
633,35562.0,Gamechanger Films,US,541524
634,125280.0,TGCK Partners,,541524
635,65606.0,Sweet Tomato Films,,541524
636,1.0,Lucasfilm Ltd.,US,857702
637,71739.0,Atomic Cartoons,CA,857702
638,4081.0,LEGO,DK,857702
639,3491.0,Showbox,KR,623135
640,121898.0,The Tower Pictures,KR,623135
641,768.0,Ghost House Pictures,US,739990
642,80970.0,MXN Entertainment,,739990
643,838.0,Paramount Vantage,US,25769
644,1785.0,Likely Story,US,25769
645,10059.0,This Is That Productions,US,25769
646,4482.0,Ivy Boy Productions,,25769
647,5542.0,Toei Animation,JP,784500
648,5822.0,Toei Company,JP,784500
649,6075.0,Studio Deen,JP,784500
650,57977.0,The Asahi Shimbun,JP,784500
651,59118.0,Kodansha,JP,784500
652,73025.0,Kinoshita Group,JP,784500
653,23399.0,King Records,JP,784500
654,163941.0,Two Hands Productions,,893204
655,121589.0,CloverWorks,JP,572154
656,2883.0,Aniplex,JP,572154
657,86839.0,ABC Animation,JP,572154
658,2073.0,Kadokawa,JP,572154
659,157002.0,Tokyo MX,JP,572154
660,81418.0,Nagoya Broadcasting Network,JP,572154
661,118502.0,Nippon BS Broadcasting,JP,572154
662,142186.0,Hakuhodo DY Music & Pictures,JP,572154
663,108028.0,HALF H·P STUDIO,JP,572154
